comment,text,title,text_Subjectivity,text_Polarity,text_Insight,text_Sentiment_OpenAI,comment_Subjectivity,comment_Polarity,comment_Insight,comment_Sentiment_OpenAI,text_comment,text_comment_Subjectivity,text_comment_Polarity,text_comment_Insight,text_comment_Sentiment_OpenAI
You can post screenshots of you losses on r/wallstreetbets those guys always help each other get over losses through humor,"I am a crypto vet with third cycle. I made a lot and lost most of them in high level scams like Luna UST and Multichain. 

Even after years I still have bad taste about the stuff. I can't let it go with simple. At least you are in the green, which I am very thankful for but the ""what ifs"" are killing me. Losing 85% of your portfolio does a lot to your mentality. 

I think my main problem it that I have no one to talk to about it. There was forum for Luna victims but it is since abandoned.

Is there any reputable subreedit or forum to discuss this. 

I need to vent. 

And don't bother dming me your scam links. I will just ignore you",Support group for crypti scams ,0.41971428571428565,0.03266666666666669,Positive,Negative,0.375,-0.125,Negative,Positive,"I am a crypto vet with third cycle. I made a lot and lost most of them in high level scams like Luna UST and Multichain. 

Even after years I still have bad taste about the stuff. I can't let it go with simple. At least you are in the green, which I am very thankful for but the ""what ifs"" are killing me. Losing 85% of your portfolio does a lot to your mentality. 

I think my main problem it that I have no one to talk to about it. There was forum for Luna victims but it is since abandoned.

Is there any reputable subreedit or forum to discuss this. 

I need to vent. 

And don't bother dming me your scam links. I will just ignore youYou can post screenshots of you losses on r/wallstreetbets those guys always help each other get over losses through humor",0.4156493506493506,0.018333333333333354,Positive,Negative
"Hello NootsNoob. It looks like you might have found a new scam? If so, please report this scam by crossposting to r/CryptoScams, r/CryptoScamReport, or visiting [scam-alert.io](http://scam-alert.io/). For tips on how to avoid scams, [click here](https://www.reddit.com/r/CryptoCurrency/comments/s7srty/crypto_scams_how_not_to_fall_for_them_what_to_do/).

---


*I am a bot, and this action was performed automatically. Please [contact the moderators of this subreddit](/message/compose/?to=/r/CryptoCurrency) if you have any questions or concerns.*","I am a crypto vet with third cycle. I made a lot and lost most of them in high level scams like Luna UST and Multichain. 

Even after years I still have bad taste about the stuff. I can't let it go with simple. At least you are in the green, which I am very thankful for but the ""what ifs"" are killing me. Losing 85% of your portfolio does a lot to your mentality. 

I think my main problem it that I have no one to talk to about it. There was forum for Luna victims but it is since abandoned.

Is there any reputable subreedit or forum to discuss this. 

I need to vent. 

And don't bother dming me your scam links. I will just ignore you",Support group for crypti scams ,0.41971428571428565,0.03266666666666669,Positive,Negative,0.2772727272727273,0.11818181818181818,Positive,Neutral,"I am a crypto vet with third cycle. I made a lot and lost most of them in high level scams like Luna UST and Multichain. 

Even after years I still have bad taste about the stuff. I can't let it go with simple. At least you are in the green, which I am very thankful for but the ""what ifs"" are killing me. Losing 85% of your portfolio does a lot to your mentality. 

I think my main problem it that I have no one to talk to about it. There was forum for Luna victims but it is since abandoned.

Is there any reputable subreedit or forum to discuss this. 

I need to vent. 

And don't bother dming me your scam links. I will just ignore youHello NootsNoob. It looks like you might have found a new scam? If so, please report this scam by crossposting to r/CryptoScams, r/CryptoScamReport, or visiting [scam-alert.io](http://scam-alert.io/). For tips on how to avoid scams, [click here](https://www.reddit.com/r/CryptoCurrency/comments/s7srty/crypto_scams_how_not_to_fall_for_them_what_to_do/).

---


*I am a bot, and this action was performed automatically. Please [contact the moderators of this subreddit](/message/compose/?to=/r/CryptoCurrency) if you have any questions or concerns.*",0.39597402597402587,0.04691919191919194,Positive,Negative
"Suck it up dude. Most people here lost a lot of money from LUNA and FTX either directly or indirectly because the market crashed.


I myself lost 75% from peak to the bottom. You just need to keep going. Now I'm up 1600% since the bottom.","I am a crypto vet with third cycle. I made a lot and lost most of them in high level scams like Luna UST and Multichain. 

Even after years I still have bad taste about the stuff. I can't let it go with simple. At least you are in the green, which I am very thankful for but the ""what ifs"" are killing me. Losing 85% of your portfolio does a lot to your mentality. 

I think my main problem it that I have no one to talk to about it. There was forum for Luna victims but it is since abandoned.

Is there any reputable subreedit or forum to discuss this. 

I need to vent. 

And don't bother dming me your scam links. I will just ignore you",Support group for crypti scams ,0.41971428571428565,0.03266666666666669,Positive,Negative,0.45,0.3,Positive,Positive,"I am a crypto vet with third cycle. I made a lot and lost most of them in high level scams like Luna UST and Multichain. 

Even after years I still have bad taste about the stuff. I can't let it go with simple. At least you are in the green, which I am very thankful for but the ""what ifs"" are killing me. Losing 85% of your portfolio does a lot to your mentality. 

I think my main problem it that I have no one to talk to about it. There was forum for Luna victims but it is since abandoned.

Is there any reputable subreedit or forum to discuss this. 

I need to vent. 

And don't bother dming me your scam links. I will just ignore youSuck it up dude. Most people here lost a lot of money from LUNA and FTX either directly or indirectly because the market crashed.


I myself lost 75% from peak to the bottom. You just need to keep going. Now I'm up 1600% since the bottom.",0.42476190476190473,0.07722222222222223,Positive,Negative
